filename,file_size,file_attributes,region_count,region_id,region_shape_attributes,region_attributes
IMG_20181228_101826.jpg,24958,"{}",1,0,"{""name"":""polyline"",""all_points_x"":[378,398,439,415,373,379],""all_points_y"":[308,289,305,329,315,307]}","{""CLASS_LABELS"":""ARDUINO_NANO_ATMEGA328P""}"
IMG_20181228_101855.jpg,37536,"{}",1,0,"{""name"":""polyline"",""all_points_x"":[406,499,578,486,407],""all_points_y"":[278,250,344,372,275]}","{""CLASS_LABELS"":""ESP32_DEVKIT""}"
IMG_20181228_101903.jpg,60443,"{}",1,0,"{""name"":""polyline"",""all_points_x"":[332,374,435,383,354],""all_points_y"":[344,302,324,362,349]}","{""CLASS_LABELS"":""NODEMCU_ESP8266""}"
IMG_20181228_101915.jpg,44067,"{}",1,0,"{""name"":""polyline"",""all_points_x"":[362,428,456,385,358],""all_points_y"":[291,274,315,334,290]}","{""CLASS_LABELS"":""RASPBERRY_PI_3B_PLUS""}"
IMG_20181228_102013.jpg,53460,"{}",1,0,"{""name"":""polyline"",""all_points_x"":[450,446,489,495,450],""all_points_y"":[387,409,410,387,385]}","{""CLASS_LABELS"":""ARDUINO_NANO_ATMEGA328P""}"
IMG_20181228_102020.jpg,45353,"{}",1,0,"{""name"":""polyline"",""all_points_x"":[390,453,422,364,374],""all_points_y"":[275,295,327,303,291]}","{""CLASS_LABELS"":""NODEMCU_ESP8266""}"
IMG_20181228_102033.jpg,44402,"{}",1,0,"{""name"":""polyline"",""all_points_x"":[326,362,398,353,322],""all_points_y"":[371,352,375,403,377]}","{""CLASS_LABELS"":""NODEMCU_ESP8266""}"
IMG_20181228_102041.jpg,38570,"{}",1,0,"{""name"":""polyline"",""all_points_x"":[403,426,446,421,402],""all_points_y"":[223,207,230,249,222]}","{""CLASS_LABELS"":""RASPBERRY_PI_3B_PLUS""}"
IMG_20181228_102048.jpg,45646,"{}",1,0,"{""name"":""polyline"",""all_points_x"":[519,459,485,547,519],""all_points_y"":[201,253,280,231,203]}","{""CLASS_LABELS"":""ESP32_DEVKIT""}"
IMG_20181228_102155.jpg,28915,"{}",1,0,"{""name"":""polyline"",""all_points_x"":[464,422,409,458,469],""all_points_y"":[280,271,303,311,280]}","{""CLASS_LABELS"":""NODEMCU_ESP8266""}"
IMG_20181228_102201.jpg,32181,"{}",1,0,"{""name"":""polyline"",""all_points_x"":[336,393,422,370,337],""all_points_y"":[275,251,280,306,275]}","{""CLASS_LABELS"":""RASPBERRY_PI_3B_PLUS""}"
IMG_20181228_102206.jpg,18066,"{}",1,0,"{""name"":""polyline"",""all_points_x"":[385,374,402,417,386],""all_points_y"":[327,343,353,333,325]}","{""CLASS_LABELS"":""ARDUINO_NANO_ATMEGA328P""}"
IMG_20181228_102210.jpg,29364,"{}",1,0,"{""name"":""polyline"",""all_points_x"":[418,364,466,518,417],""all_points_y"":[295,325,387,352,295]}","{""CLASS_LABELS"":""ESP32_DEVKIT""}"
IMG_20181228_102308.jpg,45539,"{}",1,0,"{""name"":""polyline"",""all_points_x"":[382,410,405,373,382],""all_points_y"":[308,314,341,335,307]}","{""CLASS_LABELS"":""RASPBERRY_PI_3B_PLUS""}"
IMG_20181228_102313.jpg,76045,"{}",1,0,"{""name"":""polyline"",""all_points_x"":[480,470,520,530,482],""all_points_y"":[307,347,359,320,306]}","{""CLASS_LABELS"":""NODEMCU_ESP8266""}"
IMG_20181228_102317.jpg,48072,"{}",1,0,"{""name"":""polyline"",""all_points_x"":[421,383,511,554,423],""all_points_y"":[272,329,398,331,272]}","{""CLASS_LABELS"":""ESP32_DEVKIT""}"
IMG_20181228_102319.jpg,47037,"{}",1,0,"{""name"":""polyline"",""all_points_x"":[426,419,442,448,426],""all_points_y"":[274,293,297,278,274]}","{""CLASS_LABELS"":""ARDUINO_NANO_ATMEGA328P""}"
IMG_20181228_102420.jpg,43711,"{}",1,0,"{""name"":""polyline"",""all_points_x"":[294,350,388,329,294],""all_points_y"":[343,324,439,462,341]}","{""CLASS_LABELS"":""ESP32_DEVKIT""}"
IMG_20181228_102425.jpg,58598,"{}",1,0,"{""name"":""polyline"",""all_points_x"":[470,504,521,483,470],""all_points_y"":[283,272,295,304,283]}","{""CLASS_LABELS"":""RASPBERRY_PI_3B_PLUS""}"
IMG_20181228_102434.jpg,54751,"{}",1,0,"{""name"":""polyline"",""all_points_x"":[596,594,618,618,597],""all_points_y"":[271,295,297,275,272]}","{""CLASS_LABELS"":""ARDUINO_NANO_ATMEGA328P""}"
IMG_20181228_102506.jpg,41873,"{}",1,0,"{""name"":""polyline"",""all_points_x"":[533,520,542,556,534],""all_points_y"":[260,282,295,272,260]}","{""CLASS_LABELS"":""ARDUINO_NANO_ATMEGA328P""}"
IMG_20181228_102511.jpg,60811,"{}",1,0,"{""name"":""polyline"",""all_points_x"":[478,515,526,486,475],""all_points_y"":[319,310,347,358,320]}","{""CLASS_LABELS"":""RASPBERRY_PI_3B_PLUS""}"
IMG_20181228_102516.jpg,51384,"{}",1,0,"{""name"":""polyline"",""all_points_x"":[461,446,580,598,460],""all_points_y"":[226,291,324,258,225]}","{""CLASS_LABELS"":""ESP32_DEVKIT""}"
IMG_20181228_102520.jpg,79589,"{}",1,0,"{""name"":""polyline"",""all_points_x"":[442,490,485,434,441],""all_points_y"":[276,282,325,323,278]}","{""CLASS_LABELS"":""NODEMCU_ESP8266""}"
IMG_20181228_102544.jpg,62304,"{}",1,0,"{""name"":""polyline"",""all_points_x"":[486,509,522,494,481],""all_points_y"":[302,293,319,330,299]}","{""CLASS_LABELS"":""ARDUINO_NANO_ATMEGA328P""}"
IMG_20181228_102547.jpg,51099,"{}",1,0,"{""name"":""polyline"",""all_points_x"":[410,449,450,410,410],""all_points_y"":[235,233,259,259,236]}","{""CLASS_LABELS"":""RASPBERRY_PI_3B_PLUS""}"
IMG_20181228_102552.jpg,64500,"{}",1,0,"{""name"":""polyline"",""all_points_x"":[431,508,459,387,432],""all_points_y"":[202,216,298,279,202]}","{""CLASS_LABELS"":""ESP32_DEVKIT""}"
IMG_20181228_102557.jpg,58187,"{}",1,0,"{""name"":""polyline"",""all_points_x"":[307,354,363,312,305],""all_points_y"":[255,249,287,295,253]}","{""CLASS_LABELS"":""NODEMCU_ESP8266""}"
IMG_20181228_102801.jpg,52211,"{}",1,0,"{""name"":""polyline"",""all_points_x"":[474,564,581,490,474],""all_points_y"":[269,262,352,368,268]}","{""CLASS_LABELS"":""RASPBERRY_PI_3B_PLUS""}"
IMG_20181228_103007.jpg,70703,"{}",1,0,"{""name"":""polyline"",""all_points_x"":[506,605,554,456,509],""all_points_y"":[255,283,344,312,255]}","{""CLASS_LABELS"":""NODEMCU_ESP8266""}"
IMG_20181228_103009.jpg,49398,"{}",1,0,"{""name"":""polyline"",""all_points_x"":[298,564,469,194,298],""all_points_y"":[198,315,399,284,199]}","{""CLASS_LABELS"":""ESP32_DEVKIT""}"
IMG_20181228_103012.jpg,63691,"{}",1,0,"{""name"":""polyline"",""all_points_x"":[458,547,523,430,458],""all_points_y"":[279,292,346,328,279]}","{""CLASS_LABELS"":""RASPBERRY_PI_3B_PLUS""}"
IMG_20181228_103014.jpg,62263,"{}",1,0,"{""name"":""polyline"",""all_points_x"":[362,418,400,346,364],""all_points_y"":[306,315,351,335,307]}","{""CLASS_LABELS"":""ARDUINO_NANO_ATMEGA328P""}"
IMG_20181228_103110.jpg,63454,"{}",1,0,"{""name"":""polyline"",""all_points_x"":[516,557,523,486,517],""all_points_y"":[217,250,283,250,216]}","{""CLASS_LABELS"":""RASPBERRY_PI_3B_PLUS""}"
IMG_20181228_103113.jpg,72348,"{}",1,0,"{""name"":""polyline"",""all_points_x"":[342,499,522,363,338],""all_points_y"":[245,214,291,323,245]}","{""CLASS_LABELS"":""ESP32_DEVKIT""}"
IMG_20181228_103117.jpg,81314,"{}",1,0,"{""name"":""polyline"",""all_points_x"":[402,458,481,425,399],""all_points_y"":[219,199,252,277,216]}","{""CLASS_LABELS"":""NODEMCU_ESP8266""}"
IMG_20181228_103121.jpg,86003,"{}",1,0,"{""name"":""polyline"",""all_points_x"":[462,494,507,472,458],""all_points_y"":[327,315,355,361,327]}","{""CLASS_LABELS"":""ARDUINO_NANO_ATMEGA328P""}"
IMG_20181228_103227.jpg,72464,"{}",1,0,"{""name"":""polyline"",""all_points_x"":[466,515,526,474,464],""all_points_y"":[240,231,277,285,239]}","{""CLASS_LABELS"":""RASPBERRY_PI_3B_PLUS""}"
IMG_20181228_103229.jpg,72602,"{}",1,0,"{""name"":""polyline"",""all_points_x"":[362,446,445,358,360],""all_points_y"":[247,251,335,331,248]}","{""CLASS_LABELS"":""NODEMCU_ESP8266""}"
IMG_20181228_103231.jpg,87355,"{}",1,0,"{""name"":""polyline"",""all_points_x"":[471,434,462,512,474],""all_points_y"":[248,274,319,294,247]}","{""CLASS_LABELS"":""ARDUINO_NANO_ATMEGA328P""}"
IMG_20181228_103234.jpg,75600,"{}",1,0,"{""name"":""polyline"",""all_points_x"":[282,574,525,229,279],""all_points_y"":[228,315,453,369,227]}","{""CLASS_LABELS"":""ESP32_DEVKIT""}"
IMG_20181228_103324.jpg,130409,"{}",1,0,"{""name"":""polyline"",""all_points_x"":[482,444,486,526,480],""all_points_y"":[219,261,299,255,219]}","{""CLASS_LABELS"":""ARDUINO_NANO_ATMEGA328P""}"
IMG_20181228_103326.jpg,129995,"{}",1,0,"{""name"":""polyline"",""all_points_x"":[279,592,583,244,263],""all_points_y"":[133,159,316,291,134]}","{""CLASS_LABELS"":""ESP32_DEVKIT""}"
IMG_20181228_103329.jpg,75428,"{}",1,0,"{""name"":""polyline"",""all_points_x"":[426,522,522,423,427],""all_points_y"":[284,288,379,375,285]}","{""CLASS_LABELS"":""NODEMCU_ESP8266""}"
IMG_20181228_103331.jpg,135448,"{}",1,0,"{""name"":""polyline"",""all_points_x"":[450,502,523,473,450],""all_points_y"":[223,207,260,274,223]}","{""CLASS_LABELS"":""RASPBERRY_PI_3B_PLUS""}"
IMG_20181228_103424.jpg,35599,"{}",1,0,"{""name"":""polyline"",""all_points_x"":[361,632,564,294,361],""all_points_y"":[127,251,386,262,129]}","{""CLASS_LABELS"":""ESP32_DEVKIT""}"
IMG_20181228_103427.jpg,43938,"{}",1,0,"{""name"":""polyline"",""all_points_x"":[559,655,619,517,560],""all_points_y"":[324,367,455,415,323]}","{""CLASS_LABELS"":""NODEMCU_ESP8266""}"
IMG_20181228_103429.jpg,27338,"{}",1,0,"{""name"":""polyline"",""all_points_x"":[394,443,472,420,393],""all_points_y"":[250,225,274,305,249]}","{""CLASS_LABELS"":""ARDUINO_NANO_ATMEGA328P""}"
IMG_20181228_103434.jpg,46302,"{}",1,0,"{""name"":""polyline"",""all_points_x"":[398,467,429,363,398],""all_points_y"":[168,205,266,228,168]}","{""CLASS_LABELS"":""RASPBERRY_PI_3B_PLUS""}"
IMG_20181228_103611.jpg,58120,"{}",1,0,"{""name"":""rect"",""x"":283,""y"":192,""width"":183,""height"":96}","{""CLASS_LABELS"":""ESP32_DEVKIT""}"
IMG_20181228_103622.jpg,60835,"{}",1,0,"{""name"":""rect"",""x"":244,""y"":193,""width"":79,""height"":58}","{""CLASS_LABELS"":""RASPBERRY_PI_3B_PLUS""}"
IMG_20181228_103629.jpg,56778,"{}",1,0,"{""name"":""rect"",""x"":340,""y"":363,""width"":42,""height"":40}","{""CLASS_LABELS"":""NODEMCU_ESP8266""}"
IMG_20181228_103634.jpg,55619,"{}",1,0,"{""name"":""polyline"",""all_points_x"":[425,443,455,432,422],""all_points_y"":[363,355,375,386,363]}","{""CLASS_LABELS"":""ARDUINO_NANO_ATMEGA328P""}"
IMG_20181228_103805.jpg,36327,"{}",1,0,"{""name"":""polyline"",""all_points_x"":[268,480,514,303,266],""all_points_y"":[265,198,307,371,261]}","{""CLASS_LABELS"":""ESP32_DEVKIT""}"
IMG_20181228_103813.jpg,39683,"{}",1,0,"{""name"":""polyline"",""all_points_x"":[347,414,377,312,346],""all_points_y"":[269,297,369,334,268]}","{""CLASS_LABELS"":""ARDUINO_NANO_ATMEGA328P""}"
IMG_20181228_103828.jpg,50556,"{}",2,0,"{""name"":""rect"",""x"":218,""y"":239,""width"":4,""height"":4}","{}"
IMG_20181228_103828.jpg,50556,"{}",2,1,"{""name"":""polyline"",""all_points_x"":[286,217,205,277,287],""all_points_y"":[243,234,308,321,240]}","{""CLASS_LABELS"":""RASPBERRY_PI_3B_PLUS""}"
IMG_20181228_103835.jpg,47795,"{}",1,0,"{""name"":""polyline"",""all_points_x"":[318,394,326,253,321],""all_points_y"":[291,355,429,363,287]}","{""CLASS_LABELS"":""NODEMCU_ESP8266""}"
IMG_20181228_104001.jpg,35259,"{}",1,0,"{""name"":""polyline"",""all_points_x"":[274,331,330,269,276],""all_points_y"":[195,197,261,255,195]}","{""CLASS_LABELS"":""RASPBERRY_PI_3B_PLUS""}"
IMG_20181228_104004.jpg,39776,"{}",1,0,"{""name"":""polyline"",""all_points_x"":[449,509,462,398,453],""all_points_y"":[241,291,345,292,239]}","{""CLASS_LABELS"":""NODEMCU_ESP8266""}"
IMG_20181228_104024.jpg,21295,"{}",1,0,"{""name"":""polyline"",""all_points_x"":[459,430,465,497,458],""all_points_y"":[237,271,303,264,235]}","{""CLASS_LABELS"":""ARDUINO_NANO_ATMEGA328P""}"
IMG_20181228_104027.jpg,18646,"{}",1,0,"{""name"":""polyline"",""all_points_x"":[315,521,565,360,316],""all_points_y"":[295,219,322,397,294]}","{""CLASS_LABELS"":""ESP32_DEVKIT""}"
IMG_20181228_104139.jpg,69515,"{}",1,0,"{""name"":""polyline"",""all_points_x"":[223,334,264,146,223],""all_points_y"":[325,363,430,391,326]}","{""CLASS_LABELS"":""RASPBERRY_PI_3B_PLUS""}"
IMG_20181228_104144.jpg,70164,"{}",1,0,"{""name"":""polyline"",""all_points_x"":[270,430,397,225,266,322],""all_points_y"":[192,213,309,289,189,198]}","{""CLASS_LABELS"":""NODEMCU_ESP8266""}"
IMG_20181228_104153.jpg,76654,"{}",1,0,"{""name"":""polyline"",""all_points_x"":[421,700,633,347,422],""all_points_y"":[317,402,484,401,317]}","{""CLASS_LABELS"":""ESP32_DEVKIT""}"
IMG_20181228_104213.jpg,75229,"{}",1,0,"{""name"":""polyline"",""all_points_x"":[422,463,413,386,424],""all_points_y"":[214,244,267,235,215]}","{""CLASS_LABELS"":""ARDUINO_NANO_ATMEGA328P""}"
IMG_20181228_104228.jpg,36970,"{}",2,0,"{""name"":""polyline"",""all_points_x"":[350,651,680,376,349],""all_points_y"":[379,344,431,473,375]}","{""CLASS_LABELS"":""ESP32_DEVKIT""}"
IMG_20181228_104228.jpg,36970,"{}",2,1,"{""name"":""polyline"",""all_points_x"":[505,552,583,526,506],""all_points_y"":[227,212,243,263,225]}","{""CLASS_LABELS"":""ARDUINO_NANO_ATMEGA328P""}"
IMG_20181228_104234.jpg,34846,"{}",3,0,"{""name"":""polyline"",""all_points_x"":[596,658,594,534,598],""all_points_y"":[260,296,333,297,260]}","{""CLASS_LABELS"":""NODEMCU_ESP8266""}"
IMG_20181228_104234.jpg,34846,"{}",3,1,"{""name"":""polyline"",""all_points_x"":[278,315,285,242,278],""all_points_y"":[259,274,304,282,257]}","{""CLASS_LABELS"":""ARDUINO_NANO_ATMEGA328P""}"
IMG_20181228_104234.jpg,34846,"{}",3,2,"{""name"":""polyline"",""all_points_x"":[241,450,518,313,242],""all_points_y"":[419,327,387,487,419]}","{""CLASS_LABELS"":""ESP32_DEVKIT""}"
IMG_20181228_104241.jpg,48265,"{}",2,0,"{""name"":""polyline"",""all_points_x"":[542,614,672,598,541],""all_points_y"":[240,205,244,283,239]}","{""CLASS_LABELS"":""NODEMCU_ESP8266""}"
IMG_20181228_104241.jpg,48265,"{}",2,1,"{""name"":""polyline"",""all_points_x"":[415,434,490,442,378],""all_points_y"":[383,367,395,434,407]}","{""CLASS_LABELS"":""RASPBERRY_PI_3B_PLUS""}"
IMG_20181228_104248.jpg,30722,"{}",2,0,"{""name"":""polyline"",""all_points_x"":[194,308,187,69,196],""all_points_y"":[283,315,447,411,283]}","{""CLASS_LABELS"":""ESP32_DEVKIT""}"
IMG_20181228_104248.jpg,30722,"{}",2,1,"{""name"":""polyline"",""all_points_x"":[462,530,531,462,465],""all_points_y"":[243,243,285,287,241]}","{""CLASS_LABELS"":""RASPBERRY_PI_3B_PLUS""}"
IMG_20181228_104256.jpg,32645,"{}",2,0,"{""name"":""polyline"",""all_points_x"":[283,326,355,310,284],""all_points_y"":[266,250,279,299,265]}","{""CLASS_LABELS"":""ARDUINO_NANO_ATMEGA328P""}"
IMG_20181228_104256.jpg,32645,"{}",2,1,"{""name"":""polyline"",""all_points_x"":[553,634,660,580,550],""all_points_y"":[355,339,392,415,354]}","{""CLASS_LABELS"":""NODEMCU_ESP8266""}"
IMG_20181228_104303.jpg,49938,"{}",2,0,"{""name"":""polyline"",""all_points_x"":[577,663,646,562,578],""all_points_y"":[291,301,355,347,291]}","{""CLASS_LABELS"":""RASPBERRY_PI_3B_PLUS""}"
IMG_20181228_104303.jpg,49938,"{}",2,1,"{""name"":""polyline"",""all_points_x"":[240,290,311,262,238],""all_points_y"":[352,335,367,386,351]}","{""CLASS_LABELS"":""ARDUINO_NANO_ATMEGA328P""}"
IMG_20181228_104309.jpg,30837,"{}",2,0,"{""name"":""polyline"",""all_points_x"":[443,489,458,406,443],""all_points_y"":[434,449,481,464,431]}","{""CLASS_LABELS"":""NODEMCU_ESP8266""}"
IMG_20181228_104309.jpg,30837,"{}",2,1,"{""name"":""polyline"",""all_points_x"":[287,415,462,335,286],""all_points_y"":[361,300,331,404,359]}","{""CLASS_LABELS"":""ESP32_DEVKIT""}"
IMG_20181228_104317.jpg,72068,"{}",2,0,"{""name"":""polyline"",""all_points_x"":[628,584,628,669,626],""all_points_y"":[384,407,435,411,383]}","{""CLASS_LABELS"":""RASPBERRY_PI_3B_PLUS""}"
IMG_20181228_104317.jpg,72068,"{}",2,1,"{""name"":""polyline"",""all_points_x"":[359,442,442,354,359],""all_points_y"":[308,308,355,358,307]}","{""CLASS_LABELS"":""NODEMCU_ESP8266""}"
IMG_20181228_104332.jpg,35387,"{}",2,0,"{""name"":""polyline"",""all_points_x"":[478,422,466,522,478],""all_points_y"":[424,452,480,456,423]}","{""CLASS_LABELS"":""NODEMCU_ESP8266""}"
IMG_20181228_104332.jpg,35387,"{}",2,1,"{""name"":""polyline"",""all_points_x"":[362,354,394,405,362],""all_points_y"":[239,265,271,241,239]}","{""CLASS_LABELS"":""ARDUINO_NANO_ATMEGA328P""}"
IMG_20181228_104336.jpg,55780,"{}",3,0,"{""name"":""polyline"",""all_points_x"":[554,593,616,578,554],""all_points_y"":[325,311,335,347,323]}","{""CLASS_LABELS"":""RASPBERRY_PI_3B_PLUS""}"
IMG_20181228_104336.jpg,55780,"{}",3,1,"{""name"":""polyline"",""all_points_x"":[417,474,461,405,418],""all_points_y"":[225,235,270,259,226]}","{""CLASS_LABELS"":""NODEMCU_ESP8266""}"
IMG_20181228_104336.jpg,55780,"{}",3,2,"{""name"":""polyline"",""all_points_x"":[264,408,452,304,263],""all_points_y"":[487,428,478,529,486]}","{""CLASS_LABELS"":""ESP32_DEVKIT""}"
IMG_20181228_104344.jpg,34880,"{}",2,0,"{""name"":""polyline"",""all_points_x"":[373,313,363,424,372],""all_points_y"":[474,505,538,507,475]}","{""CLASS_LABELS"":""NODEMCU_ESP8266""}"
IMG_20181228_104344.jpg,34880,"{}",2,1,"{""name"":""polyline"",""all_points_x"":[334,487,558,401,331],""all_points_y"":[344,263,304,397,343]}","{""CLASS_LABELS"":""ESP32_DEVKIT""}"
IMG_20181228_104356.jpg,62220,"{}",3,0,"{""name"":""polyline"",""all_points_x"":[462,494,542,509,462],""all_points_y"":[427,398,417,446,427]}","{""CLASS_LABELS"":""RASPBERRY_PI_3B_PLUS""}"
IMG_20181228_104356.jpg,62220,"{}",3,1,"{""name"":""polyline"",""all_points_x"":[659,680,710,691,660],""all_points_y"":[307,290,303,321,307]}","{""CLASS_LABELS"":""ARDUINO_NANO_ATMEGA328P""}"
IMG_20181228_104356.jpg,62220,"{}",3,2,"{""name"":""polyline"",""all_points_x"":[131,187,149,86,127,136],""all_points_y"":[410,427,472,453,407,412]}","{""CLASS_LABELS"":""NODEMCU_ESP8266""}"
IMG_20181228_104413.jpg,33483,"{}",2,0,"{""name"":""polyline"",""all_points_x"":[269,335,294,233,269],""all_points_y"":[337,354,396,377,337]}","{""CLASS_LABELS"":""NODEMCU_ESP8266""}"
IMG_20181228_104413.jpg,33483,"{}",2,1,"{""name"":""polyline"",""all_points_x"":[474,552,525,443,479],""all_points_y"":[340,355,403,383,339]}","{""CLASS_LABELS"":""NODEMCU_ESP8266""}"
IMG_20190104_163804.jpg,52192,"{}",1,0,"{""name"":""polyline"",""all_points_x"":[447,579,578,443,449],""all_points_y"":[164,167,243,244,163]}","{""CLASS_LABELS"":""RASPBERRY_PI_3B_PLUS""}"
IMG_20190104_163809.jpg,28973,"{}",1,0,"{""name"":""polyline"",""all_points_x"":[182,341,722,536,176,196],""all_points_y"":[291,182,371,487,296,283]}","{""CLASS_LABELS"":""ESP32_DEVKIT""}"
IMG_20190104_163812.jpg,29086,"{}",1,0,"{""name"":""rect"",""x"":278,""y"":192,""width"":211,""height"":99}","{""CLASS_LABELS"":""NODEMCU_ESP8266""}"
IMG_20190104_163815.jpg,23273,"{}",1,0,"{""name"":""polyline"",""all_points_x"":[425,526,538,433,423],""all_points_y"":[207,193,254,270,206]}","{""CLASS_LABELS"":""ARDUINO_NANO_ATMEGA328P""}"
IMG_20190104_163823.jpg,39991,"{}",1,0,"{""name"":""polyline"",""all_points_x"":[250,354,312,203,254],""all_points_y"":[155,171,237,215,154]}","{""CLASS_LABELS"":""RASPBERRY_PI_3B_PLUS""}"
IMG_20190104_163834.jpg,31338,"{}",1,0,"{""name"":""polyline"",""all_points_x"":[433,526,548,450,432],""all_points_y"":[190,184,237,252,189]}","{""CLASS_LABELS"":""RASPBERRY_PI_3B_PLUS""}"
IMG_20190104_163842.jpg,24843,"{}",1,0,"{""name"":""polyline"",""all_points_x"":[146,78,651,589,138],""all_points_y"":[111,257,259,139,108]}","{""CLASS_LABELS"":""ESP32_DEVKIT""}"
IMG_20190104_163849.jpg,27904,"{}",1,0,"{""name"":""polyline"",""all_points_x"":[218,240,703,600,211,222],""all_points_y"":[188,307,251,123,164,209]}","{""CLASS_LABELS"":""ESP32_DEVKIT""}"
IMG_20190104_163855.jpg,25075,"{}",1,0,"{""name"":""polyline"",""all_points_x"":[438,396,453,510,507,437],""all_points_y"":[187,214,247,227,207,187]}","{""CLASS_LABELS"":""ARDUINO_NANO_ATMEGA328P""}"
IMG_20190104_163902.jpg,24689,"{}",1,0,"{""name"":""polyline"",""all_points_x"":[475,434,445,518,547,477],""all_points_y"":[186,205,217,236,214,184]}","{""CLASS_LABELS"":""ARDUINO_NANO_ATMEGA328P""}"
IMG_20190104_163909.jpg,31402,"{}",1,0,"{""name"":""polyline"",""all_points_x"":[262,248,417,410,258],""all_points_y"":[144,225,231,146,144]}","{""CLASS_LABELS"":""NODEMCU_ESP8266""}"
IMG_20190104_163915.jpg,24949,"{}",1,0,"{""name"":""polyline"",""all_points_x"":[470,501,637,581,470],""all_points_y"":[125,182,176,109,124]}","{""CLASS_LABELS"":""NODEMCU_ESP8266""}"
IMG_20190104_163943.jpg,44367,"{}",2,0,"{""name"":""polyline"",""all_points_x"":[225,228,298,294,224],""all_points_y"":[158,226,222,156,159]}","{""CLASS_LABELS"":""RASPBERRY_PI_3B_PLUS""}"
IMG_20190104_163943.jpg,44367,"{}",2,1,"{""name"":""polyline"",""all_points_x"":[570,599,604,672,630,565,575],""all_points_y"":[215,269,274,243,170,211,223]}","{""CLASS_LABELS"":""NODEMCU_ESP8266""}"
IMG_20190104_163949.jpg,28003,"{}",2,0,"{""name"":""polyline"",""all_points_x"":[114,379,307,44,116],""all_points_y"":[163,279,402,280,163]}","{""CLASS_LABELS"":""ESP32_DEVKIT""}"
IMG_20190104_163949.jpg,28003,"{}",2,1,"{""name"":""polyline"",""all_points_x"":[625,594,645,670,622],""all_points_y"":[319,359,390,345,317]}","{""CLASS_LABELS"":""ARDUINO_NANO_ATMEGA328P""}"
IMG_20190104_163951.jpg,48275,"{}",3,0,"{""name"":""polyline"",""all_points_x"":[286,245,304,340,284],""all_points_y"":[141,196,231,177,140]}","{""CLASS_LABELS"":""RASPBERRY_PI_3B_PLUS""}"
IMG_20190104_163951.jpg,48275,"{}",3,1,"{""name"":""polyline"",""all_points_x"":[505,694,777,576,503],""all_points_y"":[117,267,155,16,118]}","{""CLASS_LABELS"":""ESP32_DEVKIT""}"
IMG_20190104_163951.jpg,48275,"{}",3,2,"{""name"":""polyline"",""all_points_x"":[538,628,610,516,541],""all_points_y"":[397,411,503,484,395]}","{""CLASS_LABELS"":""NODEMCU_ESP8266""}"
IMG_20190104_163956.jpg,27822,"{}",3,0,"{""name"":""polyline"",""all_points_x"":[214,434,374,153,216],""all_points_y"":[27,143,243,130,28]}","{""CLASS_LABELS"":""ESP32_DEVKIT""}"
IMG_20190104_163956.jpg,27822,"{}",3,1,"{""name"":""polyline"",""all_points_x"":[650,626,662,689,648],""all_points_y"":[184,219,245,213,183]}","{""CLASS_LABELS"":""ARDUINO_NANO_ATMEGA328P""}"
IMG_20190104_163956.jpg,27822,"{}",3,2,"{""name"":""polyline"",""all_points_x"":[242,249,352,336,241],""all_points_y"":[439,529,520,421,439]}","{""CLASS_LABELS"":""NODEMCU_ESP8266""}"
IMG_20190104_164010.jpg,34474,"{}",1,0,"{""name"":""polyline"",""all_points_x"":[328,469,429,292,330],""all_points_y"":[64,103,225,191,64]}","{""CLASS_LABELS"":""NODEMCU_ESP8266""}"
IMG_20190104_164013.jpg,55620,"{}",1,0,"{""name"":""rect"",""x"":371,""y"":283,""width"":107,""height"":101}","{""CLASS_LABELS"":""RASPBERRY_PI_3B_PLUS""}"
IMG_20190104_164017.jpg,19525,"{}",1,0,"{""name"":""rect"",""x"":246,""y"":1,""width"":289,""height"":365}","{""CLASS_LABELS"":""ESP32_DEVKIT""}"
IMG_20190104_164023.jpg,19596,"{}",1,0,"{""name"":""polyline"",""all_points_x"":[445,398,447,510,444],""all_points_y"":[83,125,183,131,78]}","{""CLASS_LABELS"":""ARDUINO_NANO_ATMEGA328P""}"
IMG_20190104_164121.jpg,43673,"{}",1,0,"{""name"":""polyline"",""all_points_x"":[461,536,562,481,464],""all_points_y"":[239,220,291,306,235]}","{""CLASS_LABELS"":""ARDUINO_NANO_ATMEGA328P""}"
IMG_20190104_164125.jpg,55535,"{}",1,0,"{""name"":""polyline"",""all_points_x"":[426,465,473,439,424],""all_points_y"":[285,281,315,323,283]}","{""CLASS_LABELS"":""ARDUINO_NANO_ATMEGA328P""}"
IMG_20190104_164130.jpg,19057,"{}",1,0,"{""name"":""polyline"",""all_points_x"":[362,634,588,322,364],""all_points_y"":[187,274,415,309,188]}","{""CLASS_LABELS"":""ESP32_DEVKIT""}"
IMG_20190104_164134.jpg,41044,"{}",1,0,"{""name"":""polyline"",""all_points_x"":[350,323,465,496,350],""all_points_y"":[223,299,346,264,223]}","{""CLASS_LABELS"":""ESP32_DEVKIT""}"
IMG_20190104_164153.jpg,41805,"{}",1,0,"{""name"":""polyline"",""all_points_x"":[347,417,403,330,347],""all_points_y"":[248,265,334,317,247]}","{""CLASS_LABELS"":""RASPBERRY_PI_3B_PLUS""}"
IMG_20190104_164157.jpg,27293,"{}",1,0,"{""name"":""polyline"",""all_points_x"":[328,372,370,326,330],""all_points_y"":[359,359,405,402,357]}","{""CLASS_LABELS"":""RASPBERRY_PI_3B_PLUS""}"
IMG_20190104_164200.jpg,74359,"{}",1,0,"{""name"":""polyline"",""all_points_x"":[536,639,647,544,534],""all_points_y"":[295,288,395,399,295]}","{""CLASS_LABELS"":""NODEMCU_ESP8266""}"
IMG_20190104_164205.jpg,69044,"{}",1,0,"{""name"":""polyline"",""all_points_x"":[514,586,602,534,515],""all_points_y"":[173,155,227,244,171]}","{""CLASS_LABELS"":""NODEMCU_ESP8266""}"
IMG_20190104_164220.jpg,49147,"{}",1,0,"{""name"":""polyline"",""all_points_x"":[415,505,621,602,514,415],""all_points_y"":[269,307,277,256,230,267]}","{""CLASS_LABELS"":""NODEMCU_ESP8266""}"
IMG_20190104_164227.jpg,47078,"{}",1,0,"{""name"":""polyline"",""all_points_x"":[566,482,586,707,654,561],""all_points_y"":[223,264,303,265,243,224]}","{""CLASS_LABELS"":""NODEMCU_ESP8266""}"
IMG_20190104_164233.jpg,43146,"{}",1,0,"{""name"":""polyline"",""all_points_x"":[384,394,429,420,383],""all_points_y"":[227,248,245,221,223]}","{""CLASS_LABELS"":""RASPBERRY_PI_3B_PLUS""}"
IMG_20190104_164240.jpg,45888,"{}",1,0,"{""name"":""polyline"",""all_points_x"":[322,397,366,278,322],""all_points_y"":[228,237,289,281,227]}","{""CLASS_LABELS"":""RASPBERRY_PI_3B_PLUS""}"
IMG_20190104_164248.jpg,35027,"{}",1,0,"{""name"":""polyline"",""all_points_x"":[235,184,592,548,231],""all_points_y"":[176,307,279,137,175]}","{""CLASS_LABELS"":""ESP32_DEVKIT""}"
IMG_20190104_164252.jpg,23352,"{}",1,0,"{""name"":""polyline"",""all_points_x"":[200,535,650,287,208],""all_points_y"":[367,194,368,535,358]}","{""CLASS_LABELS"":""ESP32_DEVKIT""}"
IMG_20190104_164259.jpg,54543,"{}",1,0,"{""name"":""polyline"",""all_points_x"":[432,458,519,487,429,444],""all_points_y"":[233,258,245,211,229,245]}","{""CLASS_LABELS"":""ARDUINO_NANO_ATMEGA328P""}"
IMG_20190104_164312.jpg,46631,"{}",1,0,"{""name"":""polyline"",""all_points_x"":[442,420,470,463,485,487,442],""all_points_y"":[272,299,316,298,292,285,271]}","{""CLASS_LABELS"":""ARDUINO_NANO_ATMEGA328P""}"
IMG_20190104_164400.jpg,77051,"{}",1,0,"{""name"":""polyline"",""all_points_x"":[426,417,512,522,425],""all_points_y"":[82,168,177,79,83]}","{""CLASS_LABELS"":""NODEMCU_ESP8266""}"
IMG_20190104_164405.jpg,56336,"{}",1,0,"{""name"":""polyline"",""all_points_x"":[313,390,407,331,316],""all_points_y"":[239,223,295,315,238]}","{""CLASS_LABELS"":""RASPBERRY_PI_3B_PLUS""}"
IMG_20190104_164409.jpg,107227,"{}",1,0,"{""name"":""polyline"",""all_points_x"":[288,584,541,246,289],""all_points_y"":[203,284,424,343,203]}","{""CLASS_LABELS"":""ESP32_DEVKIT""}"
IMG_20190104_164415.jpg,155822,"{}",1,0,"{""name"":""polyline"",""all_points_x"":[474,427,459,474,510,513,477,467],""all_points_y"":[231,265,303,304,282,268,229,236]}","{""CLASS_LABELS"":""ARDUINO_NANO_ATMEGA328P""}"
IMG_20190104_164422.jpg,93099,"{}",1,0,"{""name"":""polyline"",""all_points_x"":[345,380,362,329,348],""all_points_y"":[310,331,358,337,311]}","{""CLASS_LABELS"":""ARDUINO_NANO_ATMEGA328P""}"
IMG_20190104_164430.jpg,141487,"{}",1,0,"{""name"":""polyline"",""all_points_x"":[331,343,510,493,330],""all_points_y"":[235,322,294,212,235]}","{""CLASS_LABELS"":""ESP32_DEVKIT""}"
IMG_20190104_164434.jpg,151268,"{}",1,0,"{""name"":""polyline"",""all_points_x"":[350,396,398,350,351],""all_points_y"":[294,292,339,342,294]}","{""CLASS_LABELS"":""RASPBERRY_PI_3B_PLUS""}"
IMG_20190104_164440.jpg,136896,"{}",1,0,"{""name"":""polyline"",""all_points_x"":[424,490,466,399,426],""all_points_y"":[163,191,246,222,161]}","{""CLASS_LABELS"":""NODEMCU_ESP8266""}"
IMG_20190104_164523.jpg,98124,"{}",1,0,"{""name"":""polyline"",""all_points_x"":[499,594,571,482,501],""all_points_y"":[249,268,363,343,249]}","{""CLASS_LABELS"":""NODEMCU_ESP8266""}"
IMG_20190104_164528.jpg,93978,"{}",1,0,"{""name"":""polyline"",""all_points_x"":[348,414,409,342,350],""all_points_y"":[247,254,316,313,246]}","{""CLASS_LABELS"":""RASPBERRY_PI_3B_PLUS""}"
IMG_20190104_164532.jpg,98779,"{}",1,0,"{""name"":""polyline"",""all_points_x"":[415,346,489,564,414],""all_points_y"":[67,134,273,199,67]}","{""CLASS_LABELS"":""ESP32_DEVKIT""}"
IMG_20190104_164540.jpg,88173,"{}",1,0,"{""name"":""polyline"",""all_points_x"":[416,382,411,450,414],""all_points_y"":[240,270,299,267,238]}","{""CLASS_LABELS"":""ARDUINO_NANO_ATMEGA328P""}"
IMG_20190104_164548.jpg,130616,"{}",1,0,"{""name"":""polyline"",""all_points_x"":[420,446,434,407,421],""all_points_y"":[348,357,383,373,346]}","{""CLASS_LABELS"":""ARDUINO_NANO_ATMEGA328P""}"
IMG_20190104_164559.jpg,125995,"{}",1,0,"{""name"":""polyline"",""all_points_x"":[527,462,507,570,526],""all_points_y"":[190,207,342,315,189]}","{""CLASS_LABELS"":""ESP32_DEVKIT""}"
IMG_20190104_164604.jpg,83452,"{}",1,0,"{""name"":""polyline"",""all_points_x"":[387,432,433,388,386],""all_points_y"":[337,337,383,383,335]}","{""CLASS_LABELS"":""RASPBERRY_PI_3B_PLUS""}"
IMG_20190104_164611.jpg,131682,"{}",1,0,"{""name"":""polyline"",""all_points_x"":[538,597,586,528,540],""all_points_y"":[173,186,243,234,173]}","{""CLASS_LABELS"":""NODEMCU_ESP8266""}"
IMG_20190104_164615.jpg,129561,"{}",2,0,"{""name"":""polyline"",""all_points_x"":[398,437,434,390,398],""all_points_y"":[157,160,199,197,156]}","{""CLASS_LABELS"":""RASPBERRY_PI_3B_PLUS""}"
IMG_20190104_164615.jpg,129561,"{}",2,1,"{""name"":""polyline"",""all_points_x"":[417,468,448,399,418],""all_points_y"":[467,488,542,525,467]}","{""CLASS_LABELS"":""NODEMCU_ESP8266""}"
IMG_20190104_164622.jpg,111810,"{}",2,0,"{""name"":""polyline"",""all_points_x"":[228,153,258,290,318,323,331,227],""all_points_y"":[246,302,427,421,401,377,371,245]}","{""CLASS_LABELS"":""ESP32_DEVKIT""}"
IMG_20190104_164622.jpg,111810,"{}",2,1,"{""name"":""polyline"",""all_points_x"":[626,620,648,658,658,655,625,626],""all_points_y"":[191,220,229,217,200,192,190,198]}","{""CLASS_LABELS"":""ARDUINO_NANO_ATMEGA328P""}"
IMG_20190104_164630.jpg,121531,"{}",3,0,"{""name"":""polyline"",""all_points_x"":[300,330,331,301,300],""all_points_y"":[473,472,502,506,473]}","{""CLASS_LABELS"":""RASPBERRY_PI_3B_PLUS""}"
IMG_20190104_164630.jpg,121531,"{}",3,1,"{""name"":""polyline"",""all_points_x"":[322,368,429,418,418,402,392,387,322],""all_points_y"":[126,95,165,169,181,191,192,196,124]}","{""CLASS_LABELS"":""ESP32_DEVKIT""}"
IMG_20190104_164630.jpg,121531,"{}",3,2,"{""name"":""polyline"",""all_points_x"":[599,615,617,613,596,591,598,599],""all_points_y"":[60,64,73,83,82,72,60,60]}","{""CLASS_LABELS"":""ARDUINO_NANO_ATMEGA328P""}"
IMG_20190104_164635.jpg,109771,"{}",4,0,"{""name"":""polyline"",""all_points_x"":[347,372,368,342,348],""all_points_y"":[337,340,368,364,336]}","{""CLASS_LABELS"":""RASPBERRY_PI_3B_PLUS""}"
IMG_20190104_164635.jpg,109771,"{}",4,1,"{""name"":""polyline"",""all_points_x"":[340,367,373,358,327,341],""all_points_y"":[530,537,543,577,563,529]}","{""CLASS_LABELS"":""NODEMCU_ESP8266""}"
IMG_20190104_164635.jpg,109771,"{}",4,2,"{""name"":""polyline"",""all_points_x"":[405,443,482,476,472,458,450,444,403],""all_points_y"":[74,55,116,120,130,136,135,137,73]}","{""CLASS_LABELS"":""ESP32_DEVKIT""}"
IMG_20190104_164635.jpg,109771,"{}",4,3,"{""name"":""polyline"",""all_points_x"":[631,626,631,639,646,647,646,629],""all_points_y"":[55,69,75,77,73,66,60,55]}","{""CLASS_LABELS"":""ARDUINO_NANO_ATMEGA328P""}"
IMG_20190104_165104.jpg,62004,"{}",1,0,"{""name"":""rect"",""x"":405,""y"":252,""width"":101,""height"":60}","{""CLASS_LABELS"":""RASPBERRY_PI_3B_PLUS""}"
IMG_20190104_165108.jpg,53772,"{}",1,0,"{""name"":""polyline"",""all_points_x"":[345,315,323,367,394,409,346],""all_points_y"":[364,399,411,423,411,390,365]}","{""CLASS_LABELS"":""ARDUINO_NANO_ATMEGA328P""}"
IMG_20190104_165119.jpg,53591,"{}",1,0,"{""name"":""polyline"",""all_points_x"":[482,259,282,277,330,361,380,605,482],""all_points_y"":[218,347,362,377,408,407,417,286,219]}","{""CLASS_LABELS"":""ESP32_DEVKIT""}"
IMG_20190104_165129.jpg,62099,"{}",4,0,"{""name"":""polyline"",""all_points_x"":[292,335,339,290,295],""all_points_y"":[360,337,354,363,359]}","{""CLASS_LABELS"":""NODEMCU_ESP8266""}"
IMG_20190104_165129.jpg,62099,"{}",4,1,"{""name"":""polyline"",""all_points_x"":[353,389,358,354],""all_points_y"":[326,344,351,325]}","{""CLASS_LABELS"":""NODEMCU_ESP8266""}"
IMG_20190104_165129.jpg,62099,"{}",4,2,"{""name"":""polyline"",""all_points_x"":[361,414,369,363],""all_points_y"":[359,355,385,358]}","{""CLASS_LABELS"":""NODEMCU_ESP8266""}"
IMG_20190104_165129.jpg,62099,"{}",4,3,"{""name"":""polyline"",""all_points_x"":[307,342,345,308],""all_points_y"":[371,366,388,371]}","{""CLASS_LABELS"":""NODEMCU_ESP8266""}"
IMG_20190104_165139.jpg,68811,"{}",1,0,"{""name"":""polyline"",""all_points_x"":[376,334,364,413,374],""all_points_y"":[371,391,422,399,371]}","{""CLASS_LABELS"":""ARDUINO_NANO_ATMEGA328P""}"
IMG_20190104_165146.jpg,51623,"{}",1,0,"{""name"":""polyline"",""all_points_x"":[356,285,342,412,355],""all_points_y"":[311,342,389,352,311]}","{""CLASS_LABELS"":""NODEMCU_ESP8266""}"
IMG_20190104_165200.jpg,63972,"{}",1,0,"{""name"":""polyline"",""all_points_x"":[450,468,539,523,450],""all_points_y"":[319,362,342,299,316]}","{""CLASS_LABELS"":""RASPBERRY_PI_3B_PLUS""}"
IMG_20190104_165204.jpg,53788,"{}",1,0,"{""name"":""polyline"",""all_points_x"":[439,353,501,569,437],""all_points_y"":[301,454,474,316,302]}","{""CLASS_LABELS"":""ESP32_DEVKIT""}"
IMG-20250530-WA0001.jpg,714909,"{}",1,0,"{""name"":""polyline"",""all_points_x"":[722,2264,2387,759,703,1055],""all_points_y"":[1369,1314,3516,3535,1351,1357]}","{""CLASS_LABELS"":""ARMCORTEXM3""}"
IMG-20250530-WA0003.jpg,449847,"{}",1,0,"{""name"":""polyline"",""all_points_x"":[1141,1252,1283,1462,1468,1814,1838,2011,2036,2110,2091,1080,1141],""all_points_y"":[1592,1585,1530,1548,1585,1592,1548,1555,1598,1610,2973,2942,1592]}","{""CLASS_LABELS"":""ARMCORTEXM3""}"
IMG-20250530-WA0006.jpg,684489,"{}",1,0,"{""name"":""polyline"",""all_points_x"":[2208,3124,2782,2624,2078,2134,2235],""all_points_y"":[972,1273,2189,2189,1162,958,986]}","{""CLASS_LABELS"":""ARMCORTEXM7""}"
IMG-20250530-WA0008.jpg,813212,"{}",1,0,"{""name"":""polyline"",""all_points_x"":[1490,2860,2675,2555,2546,2208,2222,1819,1805,1467,1476,1379,1490],""all_points_y"":[495,620,2453,2458,2518,2504,2402,2370,2458,2425,2351,2347,491]}","{""CLASS_LABELS"":""ARMCORTEXM3""}"
IMG-20250530-WA0010.jpg,667772,"{}",1,0,"{""name"":""polyline"",""all_points_x"":[1678,1925,1937,1888,1740,1733,1678],""all_points_y"":[1073,1061,1203,1277,1178,1104,1073]}","{""CLASS_LABELS"":""ARMCORTEXM7""}"
IMG-20250530-WA0011.jpg,826734,"{}",1,0,"{""name"":""polyline"",""all_points_x"":[2768,2944,2911,2712,2670,2684,2768],""all_points_y"":[1574,1754,1810,2018,1981,1629,1574]}","{""CLASS_LABELS"":""ARMCORTEXM7""}"
IMG-20250530-WA0012.jpg,871412,"{}",1,0,"{""name"":""polyline"",""all_points_x"":[2504,2601,2462,2439,2476,2522],""all_points_y"":[1097,1254,1361,1301,1139,1106]}","{""CLASS_LABELS"":""ARMCORTEXM7""}"
IMG-20250530-WA0014.jpg,789304,"{}",1,0,"{""name"":""polyline"",""all_points_x"":[1356,1287,1666,2083,1990,2004,1999,1361],""all_points_y"":[1500,1398,1004,1324,1375,1449,1467,1500]}","{""CLASS_LABELS"":""ARMCORTEXM7""}"
IMG-20250530-WA0016.jpg,644698,"{}",1,0,"{""name"":""polyline"",""all_points_x"":[2527,2768,2860,2782,2712,2758,2633,2564,2559,2448,2379,2379,2532],""all_points_y"":[1773,1763,2050,2092,2087,2023,1948,2023,2097,2097,2050,1976,1773]}","{""CLASS_LABELS"":""ARMCORTEXM7""}"
IMG-20250530-WA0017.jpg,817659,"{}",1,0,"{""name"":""polyline"",""all_points_x"":[1678,1962,2011,2338,1672],""all_points_y"":[2326,2560,2579,2196,2289]}","{""CLASS_LABELS"":""ARMCORTEXM7""}"
IMG-20250530-WA0018.jpg,868693,"{}",1,0,"{""name"":""polyline"",""all_points_x"":[2148,2231,2629,2323,2203,2152],""all_points_y"":[833,754,1069,1458,1472,833]}","{""CLASS_LABELS"":""ARMCORTEXM7""}"
IMG-20250530-WA0019.jpg,776536,"{}",1,0,"{""name"":""polyline"",""all_points_x"":[2421,2384,2527,2564,2694,2652,2416],""all_points_y"":[1722,1763,1893,1884,1754,1708,1722]}","{""CLASS_LABELS"":""ARMCORTEXM7""}"
IMG-20250530-WA0021.jpg,171472,"{}",1,0,"{""name"":""rect"",""x"":754,""y"":56,""width"":93,""height"":315}","{""CLASS_LABELS"":""8051""}"
IMG-20250530-WA0022.jpg,153642,"{}",1,0,"{""name"":""rect"",""x"":667,""y"":525,""width"":165,""height"":58}","{""CLASS_LABELS"":""8051""}"
IMG-20250530-WA0024.jpg,152725,"{}",1,0,"{""name"":""polyline"",""all_points_x"":[692,588,414,420,603,700,696],""all_points_y"":[492,416,615,665,823,761,484]}","{""CLASS_LABELS"":""ARMCORTEXM7""}"
IMG-20250530-WA0026.jpg,161596,"{}",1,0,"{""name"":""polyline"",""all_points_x"":[701,719,1028,997,703],""all_points_y"":[576,677,647,542,573]}","{""CLASS_LABELS"":""8051""}"
IMG-20250530-WA0027.jpg,157847,"{}",1,0,"{""name"":""polyline"",""all_points_x"":[6,222,243,4,6],""all_points_y"":[355,333,493,522,353]}","{""CLASS_LABELS"":""8051""}"
IMG-20250530-WA0028.jpg,134288,"{}",1,0,"{""name"":""polyline"",""all_points_x"":[674,703,712,707,675,667,675],""all_points_y"":[418,419,515,521,519,418,418]}","{""CLASS_LABELS"":""8051""}"
IMG-20250530-WA0029.jpg,153956,"{}",1,0,"{""name"":""polyline"",""all_points_x"":[696,858,859,814,683,681,703],""all_points_y"":[579,577,635,641,641,573,579]}","{""CLASS_LABELS"":""8051""}"
IMG-20250530-WA0030.jpg,172557,"{}",1,0,"{""name"":""polyline"",""all_points_x"":[479,560,749,657,467,483],""all_points_y"":[344,299,482,545,351,341]}","{""CLASS_LABELS"":""8051""}"
IMG-20250530-WA0031.jpg,142574,"{}",1,0,"{""name"":""polyline"",""all_points_x"":[657,777,772,645,645,670],""all_points_y"":[519,524,566,561,518,521]}","{""CLASS_LABELS"":""8051""}"
IMG-20250530-WA0033.jpg,147142,"{}",1,0,"{""name"":""polyline"",""all_points_x"":[662,761,761,657,657,677],""all_points_y"":[535,534,570,573,535,534]}","{""CLASS_LABELS"":""8051""}"
IMG-20250530-WA0034.jpg,165109,"{}",1,0,"{""name"":""polyline"",""all_points_x"":[612,865,876,610,605,628],""all_points_y"":[623,618,714,714,623,623]}","{""CLASS_LABELS"":""8051""}"
IMG-20250530-WA0035.jpg,146236,"{}",1,0,"{""name"":""polyline"",""all_points_x"":[930,852,709,816,934,924],""all_points_y"":[200,161,349,392,201,195]}","{""CLASS_LABELS"":""8051""}"
IMG-20250530-WA0036.jpg,160996,"{}",1,0,"{""name"":""polyline"",""all_points_x"":[495,424,424,528,505,487],""all_points_y"":[257,265,466,467,256,257]}","{""CLASS_LABELS"":""8051""}"
IMG-20250530-WA0037.jpg,141885,"{}",1,0,"{""name"":""polyline"",""all_points_x"":[615,397,391,613,642,615],""all_points_y"":[413,411,1124,1130,694,411]}","{""CLASS_LABELS"":""8051""}"
IMG-20250530-WA0038.jpg,163218,"{}",1,0,"{""name"":""polyline"",""all_points_x"":[374,380,571,573,372],""all_points_y"":[601,669,661,586,605]}","{""CLASS_LABELS"":""8051""}"
IMG-20250530-WA0039.jpg,114428,"{}",1,0,"{""name"":""polyline"",""all_points_x"":[598,474,438,349,399,598,594],""all_points_y"":[359,218,229,305,366,370,353]}","{""CLASS_LABELS"":""ARMCORTEXM7""}"
IMG-20250530-WA0040.jpg,137325,"{}",1,0,"{""name"":""polyline"",""all_points_x"":[888,829,848,894,895,934,963,1034,972,882],""all_points_y"":[560,612,636,642,688,714,713,629,568,563]}","{""CLASS_LABELS"":""ARMCORTEXM7""}"
IMG-20250530-WA0041.jpg,161991,"{}",1,0,"{""name"":""polyline"",""all_points_x"":[639,868,858,633,638],""all_points_y"":[548,550,467,473,550]}","{""CLASS_LABELS"":""8051""}"
IMG-20250530-WA0042.jpg,207245,"{}",1,0,"{""name"":""polyline"",""all_points_x"":[411,416,281,270,409,413],""all_points_y"":[561,925,933,563,565,596]}","{""CLASS_LABELS"":""8051""}"
IMG-20250530-WA0043.jpg,162452,"{}",1,0,"{""name"":""polyline"",""all_points_x"":[460,525,524,460,461],""all_points_y"":[438,438,629,635,437]}","{""CLASS_LABELS"":""8051""}"
IMG-20250703-WA0006.jpg,523052,"{}",1,0,"{""name"":""polyline"",""all_points_x"":[907,783,950,1271,1221,894],""all_points_y"":[2511,2554,2844,2690,2566,2511]}","{""CLASS_LABELS"":""ARMCORTEXM7""}"
IMG-20250703-WA0007.jpg,916220,"{}",3,0,"{""name"":""polyline"",""all_points_x"":[1443,1555,1548,1431,1443],""all_points_y"":[716,716,1098,1080,709]}","{""CLASS_LABELS"":""8051""}"
IMG-20250703-WA0007.jpg,916220,"{}",3,1,"{""name"":""polyline"",""all_points_x"":[1468,1462,1382,1468,1530,1493],""all_points_y"":[2381,2307,2412,2504,2467,2344]}","{""CLASS_LABELS"":""ARMCORTEXM7""}"
IMG-20250703-WA0007.jpg,916220,"{}",3,2,"{""name"":""polyline"",""all_points_x"":[1012,2023,2060,1511,1018,944,1036],""all_points_y"":[3016,2905,3615,3744,3781,3010,3010]}","{""CLASS_LABELS"":""ARMCORTEXM3\n""}"
IMG-20250703-WA0008.jpg,716755,"{}",3,0,"{""name"":""polyline"",""all_points_x"":[1641,1764,1684,1598,1659],""all_points_y"":[783,808,1154,1129,771]}","{""CLASS_LABELS"":""8051""}"
IMG-20250703-WA0008.jpg,716755,"{}",3,1,"{""name"":""polyline"",""all_points_x"":[1437,1419,1320,1376,1419,1437],""all_points_y"":[2338,2307,2387,2455,2437,2332]}","{""CLASS_LABELS"":""ARMCORTEXM7""}"
IMG-20250703-WA0008.jpg,716755,"{}",3,2,"{""name"":""polyline"",""all_points_x"":[851,1783,1764,728,814,876],""all_points_y"":[2899,2905,3615,3658,2905,2899]}","{""CLASS_LABELS"":""ARMCORTEXM3""}"
IMG-20250703-WA0009.jpg,648525,"{}",1,0,"{""name"":""polyline"",""all_points_x"":[2011,1918,2091,2356,2301,2005],""all_points_y"":[2097,2159,2406,2233,2147,2097]}","{""CLASS_LABELS"":""ARMCORTEXM3\n""}"
IMG-20250703-WA0010.jpg,631902,"{}",1,0,"{""name"":""polyline"",""all_points_x"":[1166,1252,1592,1308,1246,1154],""all_points_y"":[1295,1178,1450,1746,1696,1289]}","{""CLASS_LABELS"":""ARMCORTEXM7""}"
IMG-20250703-WA0011.jpg,1046166,"{}",3,0,"{""name"":""polyline"",""all_points_x"":[1024,1055,1135,1030,913],""all_points_y"":[981,1104,1308,1332,981]}","{""CLASS_LABELS"":""8051""}"
IMG-20250703-WA0011.jpg,1046166,"{}",3,1,"{""name"":""polyline"",""all_points_x"":[1499,1450,1419,1530,1561,1499],""all_points_y"":[2474,2461,2560,2634,2585,2461]}","{""CLASS_LABELS"":""ARMCORTEXM7""}"
IMG-20250703-WA0011.jpg,1046166,"{}",3,2,"{""name"":""polyline"",""all_points_x"":[1209,1505,2424,2147,1215],""all_points_y"":[3276,3985,3473,2801,3276]}","{""CLASS_LABELS"":""ARMCORTEXM3""}"
IMG-20250703-WA0012.jpg,589676,"{}",1,0,"{""name"":""polyline"",""all_points_x"":[2165,2085,2295,2603,2474],""all_points_y"":[2110,2171,2437,2264,2178]}","{""CLASS_LABELS"":""ARMCORTEXM7""}"
IMG-20250703-WA0013.jpg,899256,"{}",3,0,"{""name"":""polyline"",""all_points_x"":[1246,1369,1394,1289,1252],""all_points_y"":[833,833,1178,1197,827]}","{""CLASS_LABELS"":""8051""}"
IMG-20250703-WA0013.jpg,899256,"{}",3,1,"{""name"":""polyline"",""all_points_x"":[1493,1468,1400,1499,1542,1505],""all_points_y"":[2363,2338,2461,2529,2486,2375]}","{""CLASS_LABELS"":""ARMCORTEXM7""}"
IMG-20250703-WA0013.jpg,899256,"{}",3,2,"{""name"":""polyline"",""all_points_x"":[1271,1055,1221,2208,2067,1234],""all_points_y"":[3041,3084,3825,3559,2850,3047]}","{""CLASS_LABELS"":""ARMCORTEXM3""}"
IMG-20250703-WA0014.jpg,974300,"{}",3,0,"{""name"":""polyline"",""all_points_x"":[1326,1437,1443,1339,1332],""all_points_y"":[851,857,1228,1228,845]}","{""CLASS_LABELS"":""8051""}"
IMG-20250703-WA0014.jpg,974300,"{}",3,1,"{""name"":""polyline"",""all_points_x"":[1437,1419,1345,1443,1487,1462],""all_points_y"":[2535,2455,2548,2640,2609,2480]}","{""CLASS_LABELS"":""ARMCORTEXM7""}"
IMG-20250703-WA0014.jpg,974300,"{}",3,2,"{""name"":""polyline"",""all_points_x"":[950,1999,2104,1024,950],""all_points_y"":[3177,3010,3775,3991,3177]}","{""CLASS_LABELS"":""ARMCORTEXM3""}"
IMG-20250703-WA0015.jpg,587092,"{}",1,0,"{""name"":""polyline"",""all_points_x"":[549,62,86,679,1369,531],""all_points_y"":[2430,3078,3282,3892,3078,2430]}","{""CLASS_LABELS"":""ARMCORTEXM7""}"
IMG-20250703-WA0016.jpg,490805,"{}",1,0,"{""name"":""polyline"",""all_points_x"":[1184,1419,1770,1696,1271,1197],""all_points_y"":[2850,3195,2912,2838,2764,2850]}","{""CLASS_LABELS"":""ARMCORTEXM7""}"
IMG-20250703-WA0017.jpg,697897,"{}",1,0,"{""name"":""polyline"",""all_points_x"":[1036,1203,1629,1592,1271,1147,1024,1024,1055],""all_points_y"":[1968,1795,2171,2282,2628,2640,2535,1974,1943]}","{""CLASS_LABELS"":""ARMCORTEXM7""}"
IMG-20250703-WA0018.jpg,803242,"{}",3,0,"{""name"":""polyline"",""all_points_x"":[2036,2134,1980,1875,2036],""all_points_y"":[389,438,808,765,389]}","{""CLASS_LABELS"":""8051""}"
IMG-20250703-WA0018.jpg,803242,"{}",3,1,"{""name"":""polyline"",""all_points_x"":[1450,1413,1314,1351,1419,1450],""all_points_y"":[2060,2017,2067,2196,2190,2067]}","{""CLASS_LABELS"":""ARMCORTEXM7""}"
IMG-20250703-WA0018.jpg,803242,"{}",3,2,"{""name"":""polyline"",""all_points_x"":[709,1721,1511,469,722],""all_points_y"":[2523,2757,3448,3239,2517]}","{""CLASS_LABELS"":""ARMCORTEXM3""}"
IMG-20250703-WA0019.jpg,450640,"{}",1,0,"{""name"":""polyline"",""all_points_x"":[456,364,561,907,827,450],""all_points_y"":[2486,2554,2838,2659,2548,2486]}","{""CLASS_LABELS"":""ARMCORTEXM7""}"
IMG-20250703-WA0020.jpg,776042,"{}",3,0,"{""name"":""polyline"",""all_points_x"":[1413,1505,1542,1431,1382,1462],""all_points_y"":[944,956,1302,1302,956,956]}","{""CLASS_LABELS"":""8051""}"
IMG-20250703-WA0020.jpg,776042,"{}",3,1,"{""name"":""polyline"",""all_points_x"":[1690,1616,1567,1672,1709,1690],""all_points_y"":[2461,2443,2541,2640,2579,2449]}","{""CLASS_LABELS"":""ARMCORTEXM7""}"
IMG-20250703-WA0020.jpg,776042,"{}",3,2,"{""name"":""polyline"",""all_points_x"":[1265,2239,2381,1431,1258],""all_points_y"":[3208,2924,3646,3979,3189]}","{""CLASS_LABELS"":""ARMCORTEXM3""}"
IMG-20250703-WA0021.jpg,819060,"{}",3,0,"{""name"":""polyline"",""all_points_x"":[845,944,1098,1012,839],""all_points_y"":[1036,1005,1277,1339,1030]}","{""CLASS_LABELS"":""8051""}"
IMG-20250703-WA0021.jpg,819060,"{}",3,1,"{""name"":""polyline"",""all_points_x"":[1684,1622,1635,1758,1764,1684],""all_points_y"":[2350,2381,2498,2523,2480,2350]}","{""CLASS_LABELS"":""ARMCORTEXM7""}"
IMG-20250703-WA0021.jpg,819060,"{}",3,2,"{""name"":""polyline"",""all_points_x"":[2387,1579,2011,2801,2381],""all_points_y"":[2609,3226,3868,3171,2609]}","{""CLASS_LABELS"":""ARMCORTEXM3""}"
IMG-20250703-WA0022.jpg,847027,"{}",3,0,"{""name"":""polyline"",""all_points_x"":[605,722,925,808,611],""all_points_y"":[1104,1049,1357,1431,1098]}","{""CLASS_LABELS"":""8051""}"
IMG-20250703-WA0022.jpg,847027,"{}",3,1,"{""name"":""polyline"",""all_points_x"":[1561,1530,1511,1647,1653,1548],""all_points_y"":[2486,2474,2603,2628,2585,2474]}","{""CLASS_LABELS"":""ARMCORTEXM7""}"
IMG-20250703-WA0022.jpg,847027,"{}",3,2,"{""name"":""polyline"",""all_points_x"":[2301,1487,1955,2727,2282],""all_points_y"":[2690,3362,3966,3226,2683]}","{""CLASS_LABELS"":""ARMCORTEXM3""}"
IMG-20250703-WA0023.jpg,737074,"{}",1,0,"{""name"":""polyline"",""all_points_x"":[938,857,975,1240,1197,925],""all_points_y"":[2788,2856,3047,2930,2850,2788]}","{""CLASS_LABELS"":""ARMCORTEXM7""}"
IMG-20250703-WA0024.jpg,925636,"{}",3,0,"{""name"":""polyline"",""all_points_x"":[666,783,931,796,660],""all_points_y"":[919,876,1228,1265,907]}","{""CLASS_LABELS"":""8051""}"
IMG-20250703-WA0024.jpg,925636,"{}",3,1,"{""name"":""polyline"",""all_points_x"":[1443,1394,1357,1474,1517,1443],""all_points_y"":[2412,2393,2523,2572,2535,2406]}","{""CLASS_LABELS"":""ARMCORTEXM7""}"
IMG-20250703-WA0024.jpg,925636,"{}",3,2,"{""name"":""polyline"",""all_points_x"":[2159,1246,1641,2504,2147],""all_points_y"":[2702,3251,3966,3343,2690]}","{""CLASS_LABELS"":""ARMCORTEXM3""}"
IMG-20250703-WA0025.jpg,788901,"{}",1,0,"{""name"":""polyline"",""all_points_x"":[1305,32,1287,2745,1287],""all_points_y"":[130,1935,2897,1426,125]}","{""CLASS_LABELS"":""ARMCORTEXM3""}"
IMG-20250703-WA0026.jpg,617347,"{}",1,0,"{""name"":""polyline"",""all_points_x"":[1398,500,1504,2527,1384],""all_points_y"":[305,1810,2527,1115,301]}","{""CLASS_LABELS"":""ARMCORTEXM3""}"
IMG-20250703-WA0027.jpg,752483,"{}",1,0,"{""name"":""polyline"",""all_points_x"":[1511,1986,1622,1524,1431,1517],""all_points_y"":[1820,2252,2714,2702,1992,1820]}","{""CLASS_LABELS"":""ARMCORTEXM7""}"
IMG-20250703-WA0028.jpg,487847,"{}",1,0,"{""name"":""polyline"",""all_points_x"":[894,777,1061,1406,1339,876],""all_points_y"":[2122,2227,2572,2338,2208,2141]}","{""CLASS_LABELS"":""ARMCORTEXM7""}"
IMG-20250703-WA0029.jpg,675571,"{}",1,0,"{""name"":""polyline"",""all_points_x"":[1789,1851,2036,1844,1789],""all_points_y"":[1561,1505,1659,1869,1548]}","{""CLASS_LABELS"":""ARMCORTEXM7""}"
IMG-20250703-WA0030.jpg,762459,"{}",1,0,"{""name"":""polyline"",""all_points_x"":[2254,583,1162,2999,2268,2222],""all_points_y"":[375,1264,2532,1625,352,393]}","{""CLASS_LABELS"":""ARMCORTEXM3""}"
IMG-20250703-WA0031.jpg,474047,"{}",1,0,"{""name"":""polyline"",""all_points_x"":[1129,417,852,2874,2180,1102],""all_points_y"":[1148,1518,2819,1828,616,1166]}","{""CLASS_LABELS"":""ARMCORTEXM3""}"
IMG-20250703-WA0032.jpg,812201,"{}",1,0,"{""name"":""polyline"",""all_points_x"":[1078,28,37,620,1578,2485,1064],""all_points_y"":[791,2421,2874,3032,3064,1907,791]}","{""CLASS_LABELS"":""ARMCORTEXM3""}"
IMG-20250703-WA0033.jpg,844305,"{}",1,0,"{""name"":""polyline"",""all_points_x"":[1690,1888,1764,1715,1672,1696],""all_points_y"":[1339,1499,1696,1659,1363,1332]}","{""CLASS_LABELS"":""ARMCORTEXM7""}"
IMG-20250703-WA0034.jpg,654886,"{}",1,0,"{""name"":""polyline"",""all_points_x"":[1675,3078,3221,1606,1689],""all_points_y"":[1643,1537,2661,2689,1629]}","{""CLASS_LABELS"":""ARMCORTEXM3""}"
IMG-20250703-WA0035.jpg,588333,"{}",1,0,"{""name"":""polyline"",""all_points_x"":[2023,1900,2134,2455,2375,2005],""all_points_y"":[1881,1986,2239,2005,1943,1894]}","{""CLASS_LABELS"":""ARMCORTEXM7""}"
IMG-20250703-WA0036.jpg,441458,"{}",1,0,"{""name"":""polyline"",""all_points_x"":[2490,1287,2342,3786,2476],""all_points_y"":[236,1814,2629,1282,222]}","{""CLASS_LABELS"":""ARMCORTEXM3""}"
IMG-20250703-WA0037.jpg,789780,"{}",1,0,"{""name"":""polyline"",""all_points_x"":[1657,51,819,2652,1648],""all_points_y"":[393,1740,3036,1754,398]}","{""CLASS_LABELS"":""ARMCORTEXM3""}"
IMG-20250703-WA0038.jpg,706989,"{}",1,0,"{""name"":""polyline"",""all_points_x"":[1376,1536,1437,1376],""all_points_y"":[1752,1857,2048,1758]}","{""CLASS_LABELS"":""ARMCORTEXM7""}"
IMG-20250703-WA0039.jpg,603755,"{}",1,0,"{""name"":""polyline"",""all_points_x"":[2471,1009,1675,3332,2462],""all_points_y"":[680,1699,2846,1638,671]}","{""CLASS_LABELS"":""ARMCORTEXM3""}"
IMG-20250703-WA0040.jpg,871330,"{}",1,0,"{""name"":""polyline"",""all_points_x"":[1981,2939,1245,504,1986],""all_points_y"":[477,1592,2944,1717,477]}","{""CLASS_LABELS"":""ARMCORTEXM3""}"
IMG-20250703-WA0041.jpg,686183,"{}",1,0,"{""name"":""polyline"",""all_points_x"":[1215,1376,1197,1221],""all_points_y"":[2159,2356,2529,2165]}","{""CLASS_LABELS"":""ARMCORTEXM7""}"
IMG-20250703-WA0042.jpg,571459,"{}",1,0,"{""name"":""polyline"",""all_points_x"":[938,1123,987,944],""all_points_y"":[2128,2245,2461,2128]}","{""CLASS_LABELS"":""ARMCORTEXM7""}"
IMG-20250703-WA0043.jpg,688260,"{}",1,0,"{""name"":""polyline"",""all_points_x"":[1480,1740,1493,1474],""all_points_y"":[1986,2196,2492,1992]}","{""CLASS_LABELS"":""ARMCORTEXM7""}"
IMG-20250703-WA0044.jpg,516243,"{}",1,0,"{""name"":""polyline"",""all_points_x"":[2323,1365,2379,3379,2305],""all_points_y"":[865,2235,2990,1495,861]}","{""CLASS_LABELS"":""ARMCORTEXM3""}"
IMG-20250703-WA0045.jpg,834606,"{}",1,0,"{""name"":""polyline"",""all_points_x"":[2110,2356,2233,2110],""all_points_y"":[901,1018,1289,907]}","{""CLASS_LABELS"":""ARMCORTEXM7""}"
IMG-20250703-WA0046.jpg,854707,"{}",1,0,"{""name"":""polyline"",""all_points_x"":[1731,861,1888,2934,1717],""all_points_y"":[310,1870,2555,1092,305]}","{""CLASS_LABELS"":""ARMCORTEXM3""}"
IMG-20250703-WA0047.jpg,630673,"{}",1,0,"{""name"":""polyline"",""all_points_x"":[1268,2657,1231,74,1277],""all_points_y"":[454,1625,3059,2087,449]}","{""CLASS_LABELS"":""ARMCORTEXM3""}"
IMG-20250703-WA0048.jpg,761758,"{}",1,0,"{""name"":""polyline"",""all_points_x"":[2212,3656,2342,1046,2222],""all_points_y"":[699,1708,3064,2439,699]}","{""CLASS_LABELS"":""ARMCORTEXM3""}"
IMG-20250703-WA0049.jpg,555457,"{}",1,0,"{""name"":""polyline"",""all_points_x"":[1102,2712,3018,1291,1115],""all_points_y"":[847,435,1638,2004,838]}","{""CLASS_LABELS"":""ARMCORTEXM3""}"
IMG-20250703-WA0050.jpg,577284,"{}",1,0,"{""name"":""polyline"",""all_points_x"":[1717,2578,1472,671,1731],""all_points_y"":[764,1463,2675,1898,764]}","{""CLASS_LABELS"":""ARMCORTEXM3""}"
IMG-20250703-WA0051.jpg,530126,"{}",1,0,"{""name"":""polyline"",""all_points_x"":[1382,1289,1493,1752,1703,1357],""all_points_y"":[1925,1992,2264,2060,1968,1943]}","{""CLASS_LABELS"":""ARMCORTEXM7""}"
IMG-20250703-WA0052.jpg,619933,"{}",1,0,"{""name"":""polyline"",""all_points_x"":[2083,3138,2041,1064,2092],""all_points_y"":[19,773,2161,1421,23]}","{""CLASS_LABELS"":""ARMCORTEXM3""}"
IMG-20250703-WA0053.jpg,708837,"{}",1,0,"{""name"":""polyline"",""all_points_x"":[292,2541,2735,2994,889,292],""all_points_y"":[569,5,14,1606,2110,555]}","{""CLASS_LABELS"":""ARMCORTEXM3""}"
IMG-20250703-WA0054.jpg,567891,"{}",1,0,"{""name"":""polyline"",""all_points_x"":[2712,3698,2097,1148,2721],""all_points_y"":[514,1699,2939,1837,504]}","{""CLASS_LABELS"":""ARMCORTEXM3""}"
IMG-20250703-WA0055.jpg,651374,"{}",1,0,"{""name"":""polyline"",""all_points_x"":[1610,1530,1666,1937,1912,1604],""all_points_y"":[2412,2455,2683,2579,2498,2406]}","{""CLASS_LABELS"":""ARMCORTEXM7""}"
IMG-20250703-WA0056.jpg,389286,"{}",1,0,"{""name"":""polyline"",""all_points_x"":[783,1184,1906,1339,907,777],""all_points_y"":[2313,1955,2548,3276,3029,2301]}","{""CLASS_LABELS"":""ARMCORTEXM7""}"
IMG-20250703-WA0057.jpg,446537,"{}",1,0,"{""name"":""polyline"",""all_points_x"":[1152,2911,3235,1203,1162],""all_points_y"":[1606,1324,2657,2925,1592]}","{""CLASS_LABELS"":""ARMCORTEXM3""}"
IMG-20250703-WA0058.jpg,583924,"{}",1,0,"{""name"":""polyline"",""all_points_x"":[1049,962,1326,1801,1641,1030],""all_points_y"":[2807,2893,3356,3035,2881,2807]}","{""CLASS_LABELS"":""ARMCORTEXM7""}"
IMG-20250703-WA0059.jpg,878207,"{}",1,0,"{""name"":""polyline"",""all_points_x"":[560,2434,2467,597,579],""all_points_y"":[671,606,1217,1236,662]}","{""CLASS_LABELS"":""8051""}"
IMG-20250703-WA0060.jpg,750081,"{}",1,0,"{""name"":""polyline"",""all_points_x"":[2323,3365,1856,930,2333],""all_points_y"":[389,1439,2795,1689,389]}","{""CLASS_LABELS"":""ARMCORTEXM3""}"
IMG-20250703-WA0061.jpg,469393,"{}",1,0,"{""name"":""polyline"",""all_points_x"":[1234,1289,1474,1320,1228],""all_points_y"":[1752,1678,1851,2042,1746]}","{""CLASS_LABELS"":""ARMCORTEXM7""}"
IMG-20250703-WA0062.jpg,836604,"{}",1,0,"{""name"":""polyline"",""all_points_x"":[1197,1863,1894,1228,1197],""all_points_y"":[2628,2597,2844,2862,2616]}","{""CLASS_LABELS"":""8051""}"
IMG-20250703-WA0063.jpg,553804,"{}",1,0,"{""name"":""polyline"",""all_points_x"":[12,37,586,2079,1394,12],""all_points_y"":[1295,1758,3578,2942,1030,1302]}","{""CLASS_LABELS"":""ARMCORTEXM3""}"
IMG-20250703-WA0064.jpg,994918,"{}",1,0,"{""name"":""polyline"",""all_points_x"":[1499,1721,1912,1678,1505],""all_points_y"":[2165,2104,2782,2831,2159]}","{""CLASS_LABELS"":""8051""}"
IMG-20250703-WA0065.jpg,698052,"{}",1,0,"{""name"":""polyline"",""all_points_x"":[2388,3360,2138,1319,2393],""all_points_y"":[565,1328,2624,1773,565]}","{""CLASS_LABELS"":""ARMCORTEXM3""}"
IMG-20250703-WA0066.jpg,743871,"{}",1,0,"{""name"":""polyline"",""all_points_x"":[1139,2809,3379,1648,1139],""all_points_y"":[1240,477,1648,2458,1217]}","{""CLASS_LABELS"":""ARMCORTEXM3""}"
IMG-20250703-WA0067.jpg,865340,"{}",1,0,"{""name"":""polyline"",""all_points_x"":[1456,2258,2270,1493,1474],""all_points_y"":[2122,2079,2332,2369,2116]}","{""CLASS_LABELS"":""8051""}"
IMG-20250703-WA0068.jpg,664352,"{}",1,0,"{""name"":""polyline"",""all_points_x"":[454,699,3878,2916,454],""all_points_y"":[2240,3041,3032,1152,2254]}","{""CLASS_LABELS"":""ARMCORTEXM3""}"
IMG-20250703-WA0069.jpg,503472,"{}",1,0,"{""name"":""polyline"",""all_points_x"":[327,3066,3029,259,333],""all_points_y"":[2215,2326,3331,3245,2190]}","{""CLASS_LABELS"":""8051""}"
IMG-20250703-WA0070.jpg,567033,"{}",1,0,"{""name"":""polyline"",""all_points_x"":[981,3023,1672,12,105,987],""all_points_y"":[148,1832,3319,1820,1018,142]}","{""CLASS_LABELS"":""ARMCORTEXM3""}"
IMG-20250703-WA0071.jpg,709456,"{}",1,0,"{""name"":""polyline"",""all_points_x"":[2268,3342,2249,1365,2286],""all_points_y"":[83,824,2157,1435,79]}","{""CLASS_LABELS"":""ARMCORTEXM3""}"
IMG-20250703-WA0072.jpg,1043644,"{}",1,0,"{""name"":""polyline"",""all_points_x"":[1111,1426,1388,953,1102,1139],""all_points_y"":[88,102,1004,1009,83,83]}","{""CLASS_LABELS"":""8051""}"
IMG-20250703-WA0073.jpg,832707,"{}",1,0,"{""name"":""polyline"",""all_points_x"":[1746,2369,2282,1641,1752],""all_points_y"":[2634,2881,3078,2862,2640]}","{""CLASS_LABELS"":""8051""}"
IMG-20250703-WA0074.jpg,605134,"{}",1,0,"{""name"":""polyline"",""all_points_x"":[2175,3295,2509,1375,990,2189],""all_points_y"":[1273,2124,3055,3050,2629,1273]}","{""CLASS_LABELS"":""ARMCORTEXM3""}"
IMG-20250703-WA0075.jpg,897052,"{}",1,0,"{""name"":""polyline"",""all_points_x"":[1419,1820,1666,1265,1431],""all_points_y"":[2363,2788,2875,2511,2363]}","{""CLASS_LABELS"":""8051""}"
IMG-20250703-WA0076.jpg,1001734,"{}",1,0,"{""name"":""polyline"",""all_points_x"":[1166,1832,1832,1184,1191],""all_points_y"":[2245,2264,2480,2474,2239]}","{""CLASS_LABELS"":""8051""}"
IMG-20250703-WA0077.jpg,616430,"{}",1,0,"{""name"":""polyline"",""all_points_x"":[3212,4087,4082,2471,1712,3226],""all_points_y"":[759,1726,1902,2994,1722,754]}","{""CLASS_LABELS"":""ARMCORTEXM3""}"